
INSERT INTO employees (emp_no, birth_date, first_name, last_name, gender, hire_date) VALUES
(1, '1990-01-01', 'John', 'Doe', 'M', '2010-05-15'),
(2, '1992-03-10', 'Jane', 'Smith', 'F', '2011-08-20'),
(3, '1988-06-05', 'Michael', 'Johnson', 'M', '2009-02-10'),
(4, '1995-12-18', 'Emily', 'Brown', 'F', '2014-07-02'),
(5, '1991-08-22', 'David', 'Davis', 'M', '2012-04-01'),
(6, '1989-11-30', 'Jessica', 'Miller', 'F', '2010-09-12'),
(7, '1993-04-25', 'Daniel', 'Wilson', 'M', '2012-11-05'),
(8, '1990-07-14', 'Sarah', 'Taylor', 'F', '2011-01-30'),
(9, '1987-02-08', 'Matthew', 'Anderson', 'M', '2008-06-18'),
(10, '1994-09-12', 'Olivia', 'Moore', 'F', '2013-03-25'),
(11, '1988-05-03', 'Andrew', 'Thomas', 'M', '2009-08-10'),
(12, '1992-02-20', 'Sophia', 'Jackson', 'F', '2011-06-21'),
(13, '1996-10-15', 'James', 'White', 'M', '2015-01-08'),
(14, '1991-07-11', 'Ava', 'Harris', 'F', '2012-03-18'),
(15, '1989-12-29', 'Christopher', 'Martin', 'M', '2010-11-30'),
(16, '1993-03-05', 'Mia', 'Thompson', 'F', '2012-09-10'),
(17, '1990-06-21', 'Ethan', 'Garcia', 'M', '2011-02-25'),
(18, '1987-09-08', 'Isabella', 'Lee', 'F', '2008-07-15'),
(19, '1994-01-17', 'Alexander', 'Clark', 'M', '2013-05-05'),
(20, '1992-08-03', 'Grace', 'Rodriguez', 'F', '2011-09-20'),
(21, '1993-11-28', 'Jacob', 'Walker', 'M', '2012-10-10'),
(22, '1989-04-06', 'Lily', 'Hall', 'F', '2010-08-05'),
(23, '1995-02-14', 'Benjamin', 'Young', 'M', '2014-03-12'),
(24, '1990-07-20', 'Chloe', 'King', 'F', '2011-02-15');


INSERT INTO departments (dept_no, dept_name) VALUES
('D001', 'Management'),
('D002', 'Engineering'),
('D003', 'Accounting'),
('D004', 'HR'),
('D005', 'QA');


INSERT INTO dept_manager (dept_no, emp_no, from_date, to_date) VALUES
('D001', 1, '2010-05-15', '2015-01-01'),
('D002', 2, '2011-09-20', '2019-10-01'),
('D003', 3, '2016-10-03', '2023-04-10'),
('D004', 4, '2020-01-04', '2022-03-11'),
('D005', 5, '2022-11-18', '2023-06-01');


INSERT INTO dept_emp (emp_no, dept_no, from_date, to_date) VALUES
(1, 'D001', '2010-05-15', '2015-01-01'),
(2, 'D002', '2011-08-20', '2016-03-01'),
(3, 'D003', '2016-10-03', '2023-04-10'),
(4, 'D004', '2020-01-04', '2022-03-11'),
(5, 'D005', '2022-11-18', '2023-06-01'),
(6, 'D001', '2010-09-12', '2020-02-20'),
(7, 'D002', '2012-11-05', '2020-02-20'),
(8, 'D002', '2011-01-30', '2020-02-20'),
(9, 'D003', '2008-06-18', '2020-02-20'),
(10, 'D002', '2013-03-25', '2020-02-20'),
(11, 'D004', '2009-08-10', '2020-02-20'),
(12, 'D002', '2011-06-21', '2020-02-20'),
(13, 'D001', '2015-01-08', '2020-02-20'),
(14, 'D002', '2012-03-18', '2020-02-20'),
(15, 'D005', '2010-11-30', '2020-02-20'),
(16, 'D002', '2012-09-10', '2020-02-20'),
(17, 'D002', '2011-02-25', '2020-02-20'),
(18, 'D002', '2008-07-15', '2020-02-20'),
(19, 'D001', '2013-05-05', '2020-02-20'),
(20, 'D005', '2011-09-20', '2020-02-20'),
(21, 'D005', '2012-10-10', '2020-02-20'),
(22, 'D003', '2010-08-05', '2020-02-20'),
(23, 'D001', '2014-03-12', '2020-02-20'),
(24, 'D001', '2011-02-15', '2020-02-20');


INSERT INTO titles (emp_no, title, from_date, to_date) VALUES
(1, 'Manager', '2010-05-15', '2015-01-01'),
(2, 'Engineer', '2011-08-20', '2016-03-01'),
(3, 'Accountant', '2016-10-03', '2023-04-10'),
(4, 'HR Officer', '2020-01-04', '2022-03-11'),
(5, 'Associate', '2022-11-18', '2023-06-01'),
(6, 'Manager', '2010-09-12', '2020-02-20'),
(7, 'Engineer', '2012-11-05', '2020-02-20'),
(8, 'Engineer', '2011-01-30', '2020-02-20'),
(9, 'Accountant', '2008-06-18', '2020-02-20'),
(10, 'Engineer', '2013-03-25', '2020-02-20'),
(11, 'HR Officer', '2009-08-10', '2020-02-20'),
(12, 'Engineer', '2011-06-21', '2020-02-20'),
(13, 'Manager', '2015-01-08', '2020-02-20'),
(14, 'Engineer', '2012-03-18', '2020-02-20'),
(15, 'Associate', '2010-11-30', '2020-02-20'),
(16, 'Engineer', '2012-09-10', '2020-02-20'),
(17, 'Engineer', '2011-02-25', '2020-02-20'),
(18, 'Engineer', '2008-07-15', '2020-02-20'),
(19, 'Manager', '2013-05-05', '2020-02-20'),
(20, 'Associate', '2011-09-20', '2020-02-20'),
(21, 'Associate', '2012-10-10', '2020-02-20'),
(22, 'Accountant', '2010-08-05', '2020-02-20'),
(23, 'Manager', '2014-03-12', '2020-02-20'),
(24, 'Manager', '2011-02-15', '2020-02-20');




INSERT INTO salaries (emp_no, salary, from_date, to_date) VALUES
(1, 100000, '2010-05-15', '2012-05-14'),
(2, 80000, '2011-08-20', '2013-03-01'),
(3, 200000, '2011-08-20', '2020-02-20'),
(4, 170000, '2014-07-02', '2020-02-20'),
(5, 96000, '2012-04-01', '2020-02-20'),
(6, 81000, '2010-09-12', '2020-02-20'),
(7, 68000, '2012-11-05', '2020-02-20'),
(8, 110000, '2011-01-30', '2020-02-20'),
(9, 110000, '2008-06-18', '2020-02-20'),
(10, 133000, '2013-03-25', '2020-02-20'),
(11, 98000, '2009-08-10', '2020-02-20'),
(12, 80000, '2011-06-21', '2020-02-20'),
(13, 100000, '2015-01-08', '2020-02-20'),
(14, 200000, '2012-03-18', '2020-02-20'),
(15, 120000, '2010-11-30', '2020-02-20'),
(16, 100000, '2012-09-10', '2020-02-20'),
(17, 90000, '2011-02-25', '2020-02-20'),
(18, 100000, '2008-07-15', '2020-02-20'),
(19, 100000, '2013-05-05', '2020-02-20'),
(20, 90000, '2011-09-20', '2020-02-20'),
(21, 90000, '2012-10-10', '2020-02-20'),
(22, 80000, '2010-08-05', '2020-02-20'),
(23, 130000, '2014-03-12', '2020-02-20'),
(24, 120000, '2011-02-15', '2020-02-20');


